Workbook

Sheet R016-01
E1: REGISTRO DE INSPECCION DE PRODUCTO - ROD. DE BOLAS | V1: REGISTRO DE INSPECCION DE PRODUCTO - ROD. DE BOLAS
E3: RADIAL BALL BEARING INSPECTION RECORD | V3: RADIAL BALL BEARING INSPECTION RECORD
E5: R016 - 01 | I5: 42895 | K5: REV. | L5: 10 | M5: PAG. 01 - 01 | V5: R016 - 01 | Z5: 42895 | AB5: REV. | AC5: 10 | AD5: PAG. 01 - 01
A7: UBIC. EN DEPOSITO LOCATION IN DEPOSITS: | I7: PRODUCTO / PRODUCT: | R7: UBIC. EN DEPOSITO LOCATION IN DEPOSITS: | Z7: PRODUCTO / PRODUCT:
A8: PROVEEDOR SUPPLIER: | I8: =VLOOKUP(Auxiliar!B1,Auxiliar!A3:AI647,29,FALSE) | L8: REV. PRINT | N8: =VLOOKUP(Auxiliar!B1,Auxiliar!A3:AI647,30,FALSE) | R8: PROVEEDOR SUPPLIER: | Z8: =VLOOKUP(Auxiliar!B1,Auxiliar!A3:AI647,29,FALSE) | AC8: REV. PRINT | AE8: =VLOOKUP(Auxiliar!B1,Auxiliar!A3:AI647,30,FALSE)
A9: LUGAR DE INSPEC. NAME OF INSPECTION FACILITY: | D9: LABORATORIO BPB | I9: CRITERIO DE MUESTRA / SAMPLE DISCRETION: | N9: Prod.Armado Partes | R9: LUGAR DE INSPEC. NAME OF INSPECTION FACILITY: | U9: LABORATORIO BPB | Z9: CRITERIO DE MUESTRA / SAMPLE DISCRETION: | AE9: Prod.Armado Partes
A10: DOC. DE REF. (PO#/PI#): | I10: PARTIDA/ BATCH: | R10: DOC. DE REF. (PO#/PI#): | Z10: PARTIDA/ BATCH:
A11: ITEM | B11: D.Nominal NOMINAL DIM. (mm) | C11: Instrumento / Instrument (Codigo) | D11: Tolerancia Tolerance (µm) | E11: MEDICIONES /ACTUAL READINGS (µm) | O11: RESULTADO/ RESULT | R11: ITEM | S11: D.Nominal NOMINAL DIM. (mm) | T11: Instrumento / Instrument (Codigo) | U11: Tolerancia Tolerance (µm) | V11: MEDICIONES /ACTUAL READINGS (µm) | AF11: RESULTADO/ RESULT
E13: Nº 1 | F13: Nº 2 | G13: Nº 3 | H13: Nº 4 | I13: Nº 5 | J13: Nº 6 | K13: Nº 7 | L13: Nº 8 | M13: Nº 9 | N13: Nº 10 | V13: Nº 1 | W13: Nº 2 | X13: Nº 3 | Y13: Nº 4 | Z13: Nº 5 | AA13: Nº 6 | AB13: Nº 7 | AC13: Nº 8 | AD13: Nº 9 | AE13: Nº 10
A14: C | B14: =VLOOKUP(Auxiliar!B1,Auxiliar!A3:AI4998,3,FALSE) | D14: =VLOOKUP(Auxiliar!B1,Auxiliar!A3:AI4998,4,FALSE) | R14: C | S14: =VLOOKUP(Auxiliar!B1,Auxiliar!A3:AI4998,3,FALSE) | U14: 0
D15: =VLOOKUP(Auxiliar!B1,Auxiliar!A3:AI4998,5,FALSE) | U15: -120
A16: D | B16: =VLOOKUP(Auxiliar!B1,Auxiliar!A3:AI4998,6,FALSE) | D16: =VLOOKUP(Auxiliar!B1,Auxiliar!A3:AI4998,7,FALSE) | R16: D | S16: =VLOOKUP(Auxiliar!B1,Auxiliar!A3:AI4998,6,FALSE) | U16: =VLOOKUP(Auxiliar!B1,Auxiliar!A3:AI4998,7,FALSE)
D17: =VLOOKUP(Auxiliar!B1,Auxiliar!A3:AI6488,8,FALSE) | U17: =VLOOKUP(Auxiliar!B1,Auxiliar!A3:AI6488,8,FALSE)
A18: B | B18: =VLOOKUP(Auxiliar!B1,Auxiliar!A3:AI4998,9,FALSE) | D18: =VLOOKUP(Auxiliar!B1,Auxiliar!A3:AI6488,10,FALSE) | R18: B | S18: =VLOOKUP(Auxiliar!B1,Auxiliar!A3:AI4998,9,FALSE) | U18: =VLOOKUP(Auxiliar!B1,Auxiliar!A3:AI6488,10,FALSE)
D19: =VLOOKUP(Auxiliar!B1,Auxiliar!A3:AI6488,11,FALSE) | U19: =VLOOKUP(Auxiliar!B1,Auxiliar!A3:AI6488,11,FALSE)
A20: d | B20: =VLOOKUP(Auxiliar!B1,Auxiliar!A3:AI4998,12,FALSE) | D20: =VLOOKUP(Auxiliar!B1,Auxiliar!A3:AI6488,13,FALSE) | R20: d | S20: =VLOOKUP(Auxiliar!B1,Auxiliar!A3:AI4998,12,FALSE) | U20: =VLOOKUP(Auxiliar!B1,Auxiliar!A3:AI6488,13,FALSE)
D21: =VLOOKUP(Auxiliar!B1,Auxiliar!A3:AI6488,14,FALSE) | U21: =VLOOKUP(Auxiliar!B1,Auxiliar!A3:AI6488,14,FALSE)
A22: GA | B22: =VLOOKUP(Auxiliar!B1,Auxiliar!A3:AI4998,18,FALSE) | D22: =VLOOKUP(Auxiliar!B1,Auxiliar!A3:AI6488,19,FALSE) | R22: GA | S22: =VLOOKUP(Auxiliar!B1,Auxiliar!A3:AI4998,18,FALSE) | U22: =VLOOKUP(Auxiliar!B1,Auxiliar!A3:AI6488,19,FALSE)
D23: =VLOOKUP(Auxiliar!B1,Auxiliar!A3:AI6488,20,FALSE) | U23: =VLOOKUP(Auxiliar!B1,Auxiliar!A3:AI6488,20,FALSE)
A24: GR | B24: =VLOOKUP(Auxiliar!B1,Auxiliar!A3:AI4998,15,FALSE) | D24: =VLOOKUP(Auxiliar!B1,Auxiliar!A3:AI6488,16,FALSE) | R24: GR | S24: =VLOOKUP(Auxiliar!B1,Auxiliar!A3:AI4998,15,FALSE) | U24: =VLOOKUP(Auxiliar!B1,Auxiliar!A3:AI6488,16,FALSE)
D25: =VLOOKUP(Auxiliar!B1,Auxiliar!A3:AI6488,17,FALSE) | U25: =VLOOKUP(Auxiliar!B1,Auxiliar!A3:AI6488,17,FALSE)
A26: RUIDO / NOISE | R26: RUIDO / NOISE
A27: DUREZA Hardness (HRC) | B27: ARO INTERIOR / INNER RING | D27: =VLOOKUP(Auxiliar!B1,Auxiliar!A3:AI6488,21,FALSE) | R27: DUREZA Hardness (HRC) | S27: ARO INTERIOR / INNER RING | U27: =VLOOKUP(Auxiliar!B1,Auxiliar!A3:AI6488,21,FALSE)
D28: =VLOOKUP(Auxiliar!B1,Auxiliar!A3:AI6488,22,FALSE) | U28: =VLOOKUP(Auxiliar!B1,Auxiliar!A3:AI6488,22,FALSE)
B29: ARO EXTERIOR / OUTER RING | D29: =VLOOKUP(Auxiliar!B1,Auxiliar!A3:AI6488,23,FALSE) | S29: ARO EXTERIOR / OUTER RING | U29: =VLOOKUP(Auxiliar!B1,Auxiliar!A3:AI6488,23,FALSE)
D30: =VLOOKUP(Auxiliar!B1,Auxiliar!A3:AI6488,24,FALSE) | U30: =VLOOKUP(Auxiliar!B1,Auxiliar!A3:AI6488,24,FALSE)
A31: Ra | B31: PISTA I.R./ I.R. RACEWAY | R31: Ra | S31: PISTA I.R./ I.R. RACEWAY
B32: PISTA O.R. / O.R. RACEWAY | S32: PISTA O.R. / O.R. RACEWAY
B33: BOLITA / BALL | S33: BOLITA / BALL
A34: ESTADO DE LOS SELLOS / SEAL APPEARANCE | R34: ESTADO DE LOS SELLOS / SEAL APPEARANCE
A35: ANCLAJE DE SELLOS/ SEAL STACKING TEST | R35: ANCLAJE DE SELLOS/ SEAL STACKING TEST
A36: TORQUE DE SELLLOS / SEAL RUNNIG TORQUE | D36: =VLOOKUP(Auxiliar!B1,Auxiliar!A3:AI6488,27,FALSE) | R36: TORQUE DE SELLLOS / SEAL RUNNIG TORQUE | U36: =VLOOKUP(Auxiliar!B1,Auxiliar!A3:AI6488,27,FALSE)
D37: =VLOOKUP(Auxiliar!B1,Auxiliar!A3:AI6488,28,FALSE) | U37: =VLOOKUP(Auxiliar!B1,Auxiliar!A3:AI6488,28,FALSE)
A38: GRABADO / MARKING | R38: GRABADO / MARKING
A39: ASPECTO | C39: * Rayas, Golpes, Oxido, Desprendimiento de material | R39: ASPECTO | T39: * Rayas, Golpes, Oxido, Desprendimiento de material
A40: Peso Rodamiento / Assembled Bearing Weight | R40: Peso Rodamiento / Assembled Bearing Weight
A41: Peso Rodamiento sin Grasa / Washed Assembled Bearing Weight | R41: Peso Rodamiento sin Grasa / Washed Assembled Bearing Weight
A42: Peso de Grasa (grs) / Grease Weight (grs) | D42: =VLOOKUP(Auxiliar!B1,Auxiliar!A15:AI6488,25,FALSE) | R42: Peso de Grasa (grs) / Grease Weight (grs) | U42: =VLOOKUP(Auxiliar!B1,Auxiliar!A15:AI6488,25,FALSE)
A43: Tipo de grasa/ grease type | D43: =VLOOKUP(Auxiliar!B1,Auxiliar!A15:AI6488,26,FALSE) | R43: Tipo de grasa/ grease type | U43: =VLOOKUP(Auxiliar!B1,Auxiliar!A15:AI6488,26,FALSE)
A44: * IDENTIFICAR EL TIPO DE DEFECTO CON LETRA INICIAL RESALTADA | R44: * IDENTIFICAR EL TIPO DE DEFECTO CON LETRA INICIAL RESALTADA
A45: Resultado final de la inspección | D45: Total Lote | F45: Aprobado | I45: Retrabajar | L45: Scrap | N45: 2º Calidad | R45: Resultado final de la inspección | U45: Total Lote | W45: Aprobado | Z45: Retrabajar | AC45: Scrap | AE45: 2º Calidad
A48: Observación: | R48: Observación:
A57: FIRMA DEL INSPECTOR DE CALIDAD Y FECHA / NAME AND SIGNATURE OF THE INSPECTOR QUALITY | J57: PERMANENTE | R57: FIRMA DEL INSPECTOR DE CALIDAD Y FECHA / NAME AND SIGNATURE OF THE INSPECTOR QUALITY | AA57: PERMANENTE

Sheet SIMBOLOGIA
D3: SIGNIFICADO DE LA SIMBOLOGIA Symbol Meaning
A7: C: | B7: Ancho del aro exterior, Crapodina (Rod. Axial) es la altura
A8: D: | B8: Diámetro exterior del rodamiento / Bearing outside diameter
A9: VDp: | B9: Variación del diámetro exterior en un plano radial simple / Outside diameter variation in single radial plane
A10: reA: | B10: Dimensión axial del chaflán en el aro exterior / Outer ring axial chamfer dimension
A11: reR: | B11: Dimensión radial del chaflán en el aro exterior / Outer ring radial chamfer dimension
A12: B: | B12: Ancho del aro interior / Inner ring width Rodamiento Axial (Crapodina) Diametro interior mayor
A13: d: | B13: Diámetro del agujero del aro interior del rodamiento / Bearing bore diameter
A14: Vdp: | B14: Variación diametral del agujero del aro interior en un plano radial simple / Bore diameter variation in a single radial plane
A15: Vdmp: | B15: Conicidad del agujero del aro interior (diferencia de medida en ambos lados) / Mean bore diameter variation
A16: riA: | B16: Dimensión axial del chaflán en el aro interior / Inner ring axial chamfer dimension
A17: riR: | B17: Dimensión radial del claflán en el aro interior / Innedir ring radial chamfer dimension
A18: GR: | B18: Juego radial
... A20: Ra | B20: Rugosidad

Sheet Auxiliar
A1: Elegido | B1: 536 | C1: 3 | D1: 4 | E1: 5 | F1: 6 | G1: 7 | H1: 8 | I1: 9 | J1: 10 | K1: 11 | L1: 12 | M1: 13 | N1: 14 | O1: 15 | P1: 16 | Q1: 17 | R1: 18 | S1: 19 | T1: 20 | U1: 21 | V1: 22 | W1: 23 | X1: 24 | Y1: 25 | Z1: 26 | AA1: 27 | AB1: 28 | AC1: 29 | AD1: 30
A2: Numero | B2: Codigo | C2: C | D2: C+ | E2: C- | F2: D | G2: D+ | H2: D- | I2: B | J2: B+ | K2: B- | L2: d | M2: d+ | N2: d- | O2: GR | P2: GR+ | Q2: GR- | R2: GA | S2: GA+ | T2: GA- | U2: ARO INT+ | V2: ARO INT - | W2: ARO EXT + | X2: ARO EXT - | Y2: PORCENTAJE DE GRASA | Z2: TIPO DE GRASA | AA2: TORQUE DESELLOS + | AB2: TORQUE DESELLOS - | AC2: Fecha Rev. Plano | AD2: Rev.
A3: 1 | B3: 1207-TN-C3 | C3: 17 | D3: 0 | E3: -120 | F3: 72 | G3: 0 | H3: -13 | I3: 17 | J3: 0 | K3: -120 | L3: 35 | M3: 0 | N3: -12 | O3: C3 | P3: 40 | Q3: 23 | R3: NO | S3: NO | T3: NO | U3: 64 | V3: 58 | W3: 64 | X3: 58 | Y3: NO | Z3: NO | AA3: NO | AB3: NO | AC3: 42751 | AD3: 0
A4: 2 | B4: 1205 | C4: 15 | D4: 0 | E4: -120 | F4: 52 | G4: 0 | H4: -13 | I4: 15 | J4: 0 | K4: -120 | L4: 25 | M4: 0 | N4: -10 | AA4: ………….. | AB4: ………….. | AC4: …………… | AD4: ………
A5: 3 | B5: 1210 | C5: 20 | D5: 0 | E5: -120 | F5: 90 | G5: 0 | H5: -15 | I5: 20 | J5: 0 | K5: -120 | L5: 50 | M5: 0 | N5: -12 | O5: Axial (C0) | P5: 11 | Q5: 33 | AA5: ………….. | AB5: ………….. | AC5: …………… | AD5: ………
A6: 4 | B6: B&P-040-1211-K-C3-HLBR | C6: 21 | D6: 0 | E6: -150 | F6: 100 | G6: 0 | H6: -15 | I6: 21 | J6: 0 | K6: -150 | L6: 55 | M6: 46 | N6: 0 | O6: C3 | P6: 41 | Q6: 61 | R6: NO | S6: NO | T6: NO | U6: 58 HRC | V6: 65 HRC | W6: 58 HRC | X6: 65 HRC | Y6: NO | Z6: NO | AA6: NO | AB6: NO | AC6: 45397 | AD6: B
A7: 5 | B7: 1306 | C7: 19 | D7: 0 | E7: -120 | F7: 72 | G7: 0 | H7: -13 | I7: 19 | J7: 0 | K7: -120 | L7: 30 | M7: 0 | N7: -10 | O7: Axial (C0) | P7: 8 | Q7: 27 | AA7: ………….. | AB7: ………….. | AC7: …………… | AD7: ………
A8: 6 | B8: 1312 | C8: 31 | D8: 0 | E8: -150 | F8: 120 | G8: 0 | H8: -15 | I8: 31 | J8: 0 | K8: -150 | L8: 60 | M8: 0 | N8: -15 | O8: Axial (C0) | P8: 13 | Q8: 36 | AA8: ………….. | AB8: ………….. | AC8: …………… | AD8: ………
A9: 7 | B9: 2200 | C9: 14 | D9: 0 | E9: -120 | F9: 30 | G9: 0 | H9: -8 | I9: 14 | J9: 0 | K9: -120 | L9: 10 | M9: 0 | N9: -8 | AA9: ………….. | AB9: ………….. | AC9: …………… | AD9: ………
A10: 8 | B10: 2202 | C10: 14 | D10: 0 | E10: -120 | F10: 35 | G10: 0 | H10: -8 | I10: 14 | J10: 0 | K10: -120 | L10: 15 | M10: 0 | N10: -8 | AA10: ………….. | AB10: ………….. | AC10: …………… | AD10: ………
A11: 9 | B11: 2208 | C11: 23 | D11: 0 | E11: -120 | F11: 80 | G11: 0 | H11: -13 | I11: 23 | J11: 0 | K11: -120 | L11: 40 | M11: 0 | N11: -12 | R11: C0 | S11: 9 | T11: 29 | AA11: ………….. | AB11: ………….. | AC11: …………… | AD11: ………
A12: 10 | B12: 5207 | C12: 27 | D12: 0 | E12: -120 | F12: 72 | G12: 0 | H12: -13 | I12: 27 | J12: 0 | K12: -120 | L12: 35 | M12: 0 | N12: -12 | O12: Radial | P12: 25 | Q12: 12 | R12: NO | S12: NO | T12: NO | U12: 64 | V12: 58 | W12: 64 | X12: 58 | Y12: NO | Z12: NO | AA12: NO | AB12: NO | AC12: 42681 | AD12: 0
A13: 11 | B13: 6006 | C13: 13 | D13: 0 | E13: -120 | F13: 55 | G13: 0 | H13: -13 | I13: 13 | J13: 0 | K13: -120 | L13: 30 | M13: 0 | N13: -10 | O13: C0 | P13: 5 | Q13: 20 | AA13: ………….. | AB13: ………….. | AC13: …………… | AD13: ………
A14: 12 | B14: 6010 | C14: 16 | D14: 0 | E14: -120 | F14: 80 | G14: 0 | H14: -13 | I14: 16 | J14: 0 | K14: -120 | L14: 50 | M14: 0 | N14: -12 | O14: C0 | P14: 6 | Q14: 23 | AA14: ………….. | AB14: ………….. | AC14: …………… | AD14: ………
A15: 13 | B15: 6011 | C15: 18 | D15: 0 | E15: -150 | F15: 90 | G15: 0 | H15: -15 | I15: 18 | J15: 0 | K15: -150 | L15: 55 | M15: 0 | N15: -15 | O15: C0 | P15: 8 | Q15: 28 | AA15: ………….. | AB15: ………….. | AC15: …………… | AD15: ………
A16: 14 | B16: 6012 | C16: 18 | D16: 0 | E16: -150 | F16: 95 | G16: 0 | H16: -15 | I16: 18 | J16: 0 | K16: -150 | L16: 60 | M16: 0 | N16: -15 | O16: C3 | P16: 23 | Q16: 43 | AA16: ………….. | AB16: ………….. | AC16: …………… | AD16: ………
A17: 15 | B17: 6028 | C17: 33 | D17: 0 | E17: -120 | F17: 210 | G17: 0 | H17: -30 | I17: 33 | J17: 0 | K17: -120 | L17: 140 | M17: 0 | N17: -25 | O17: C3 | P17: 81 | Q17: 41 | R17: NO | S17: NO | T17: NO | U17: 64 | V17: 58 | W17: 64 | X17: 58 | Y17: ……………….. | Z17: Polyrex | AA17: ……………….. | AB17: ……………… | AC17: …………… | AD17: ………
A18: 16 | B18: 6207 | C18: 17 | D18: 0 | E18: -120 | F18: 72 | G18: 0 | H18: -13 | I18: 17 | J18: 0 | K18: -120 | L18: 35 | M18: 0 | N18: -12 | O18: C3 | P18: 15 | Q18: 33 | U18: 58 HRC | V18: 65 HRC | W18: 58 HRC | X18: 65 HRC | AA18: ………….. | AB18: ………….. | AC18: …………… | AD18: ………
A19: 17 | B19: 6209 | C19: 19 | D19: 0 | E19: -120 | F19: 85 | G19: 0 | H19: -15 | I19: 19 | J19: 0 | K19: -120 | L19: 45 | M19: 0 | N19: -12 | O19: C3 | P19: 18 | Q19: 36 | AA19: ………….. | AB19: ………….. | AC19: …………… | AD19: ………
A20: 18 | B20: 6211 | C20: 21 | D20: 0 | E20: -150 | F20: 100 | G20: 0 | H20: -15 | I20: 21 | J20: 0 | K20: -150 | L20: 55 | M20: 0 | N20: -15 | O20: C0 | P20: 8 | Q20: 28 | AA20: ………….. | AB20: ………….. | AC20: …………… | AD20: ………
A21: 19 | B21: 6308 | C21: 23 | D21: 0 | E21: -120 | F21: 90 | G21: 0 | H21: -15 | I21: 23 | J21: 0 | K21: -120 | L21: 40 | M21: 0 | N21: -12 | O21: C3 | P21: 15 | Q21: 33 | R21: NO | S21: NO | T21: NO | U21: 64 | V21: 58 | W21: 64 | X21: 58 | Y21: NO | Z21: NO | AA21: NO | AB21: NO | AC21: 42881 | AD21: 0
A22: 20 | B22: 16006 | C22: 9 | D22: 0 | E22: -120 | F22: 55 | G22: 0 | H22: -13 | I22: 9 | J22: 0 | K22: -120 | L22: 30 | M22: 0 | N22: -10 | AA22: ………….. | AB22: ………….. | AC22: …………… | AD22: ………
A23: 21 | B23: B&P-040-1205-TN-C3-HLBR | C23: 15 | D23: 0 | E23: -120 | F23: 52 | G23: 0 | H23: -13 | I23: 15 | J23: 0 | K23: -120 | L23: 25 | M23: 0 | N23: -10 | O23: C3 | P23: 19 | Q23: 35 | R23: NO | S23: NO | T23: NO | U23: 64 | V23: 58 | W23: 64 | X23: 58 | Y23: NO | Z23: NO | AA23: ………….. | AB23: ………….. | AC23: 45348 | AD23: B
A24: 22 | B24: B&P-040-1206-K-C3-HLBR | C24: 16 | D24: 0 | E24: -120 | F24: 62 | G24: 0 | H24: -13 | I24: 16 | J24: 0 | K24: -120 | L24: 30 | M24: 33 | N24: 0 | O24: C3 | P24: 39 | Q24: 23 | R24: NO | S24: NO | T24: NO | U24: 65 | V24: 60 | W24: 65 | X24: 60 | Y24: NO | Z24: NO | AA24: NO | AB24: NO | AC24: 45517 | AD24: A
A25: 23 | B25: B&P-040-1206-TN-C3-HLBR | C25: 16 | D25: 0 | E25: -120 | F25: 62 | G25: 0 | H25: -13 | I25: 16 | J25: 0 | K25: -120 | L25: 30 | M25: 0 | N25: -10 | O25: C3 | P25: 35 | Q25: 19 | R25: - | S25: - | T25: - | U25: 64 | V25: 58 | W25: 64 | X25: 58 | Y25: - | Z25: - | AA25: - | AB25: - | AC25: 14/08/2024 | AD25: B
A26: 24 | B26: 1208-K | C26: 18 | D26: 0 | E26: -120 | F26: 80 | G26: 0 | H26: -13 | I26: 18 | J26: 0 | K26: -120 | L26: 40 | M26: 0 | N26: -12 | O26: NO | P26: NO | Q26: NO | R26: NO | S26: NO | T26: NO | U26: NO | V26: NO | W26: NO | X26: NO | AA26: ………….. | AB26: ………….. | AC26: …………… | AD26: ………
A27: 25 | B27: 1208-TN-C3 | C27: 18 | D27: 0 | E27: -120 | F27: 80 | G27: 0 | H27: -13 | I27: 18 | J27: 0 | K27: -120 | L27: 40 | M27: 0 | N27: -12 | O27: C3 | P27: 40 | Q27: 23 | R27: NO | S27: NO | T27: NO | U27: 64 | V27: 58 | W27: 64 | X27: 58 | Y27: NO | Z27: NO | AA27: NO | AB27: NO | AC27: 42569 | AD27: 0
A28: 26 | B28: 1209-K | C28: 19 | D28: 0 | E28: -120 | F28: 85 | G28: 0 | H28: -15 | I28: 19 | J28: 0 | K28: -120 | L28: 45 | M28: 0 | N28: -12 | O28: C3 | P28: 18 | Q28: 36 | R28: NO | S28: NO | T28: NO | U28: NO | V28: NO | W28: NO | X28: NO | Y28: NO | Z28: NO | AA28: ………….. | AB28: ………….. | AC28: …………… | AD28: ………
A29: 27 | B29: 1209TN-C3 | C29: 19 | D29: 0 | E29: -120 | F29: 85 | G29: 0 | H29: -15 | I29: 19 | J29: 0 | K29: -120 | L29: 45 | M29: 0 | N29: -12 | O29: Radial (C3) | P29: 44 | Q29: 25 | R29: NO | S29: NO | T29: NO | U29: 64 | V29: 58 | W29: 64 | X29: 58 | Y29: NO | Z29: NO | AA29: NO | AB29: NO | AC29: 42569 | AD29: A
A30: 28 | B30: 1209-TN-C3 | C30: 19 | D30: 0 | E30: -120 | F30: 85 | G30: 0 | H30: -15 | I30: 19 | J30: 0 | K30: -120 | L30: 45 | M30: 0 | N30: -12 | O30: C3 | P30: 25 | Q30: 44 | R30: NO | S30: NO | T30: NO | U30: 64 | V30: 58 | W30: 64 | X30: 58 | Y30: NO | Z30: NO | AA30: NO | AB30: NO | AC30: 42569 | AD30: A
A31: 29 | B31: 1210K-C3 | C31: 20 | D31: 0 | E31: -120 | F31: 90 | G31: 0 | H31: -15 | I31: 20 | J31: 0 | K31: -120 | L31: 50 | M31: 39 | N31: 0 | O31: C3 | P31: 52 | Q31: 33 | R31: NO | S31: NO | T31: NO | U31: 64 | V31: 58 | W31: 64 | X31: 58 | Y31: NO | Z31: NO | AA31: ………….. | AB31: ………….. | AC31: …………… | AD31: ………
A32: 30 | B32: 1305-TN-C3 | C32: 17 | D32: 0 | E32: -120 | F32: 62 | G32: 0 | H32: -13 | I32: 17 | J32: 0 | K32: -120 | L32: 25 | M32: 0 | N32: -10 | O32: C3 | P32: 35 | Q32: 19 | R32: NO | S32: NO | T32: NO | U32: 64 | V32: 58 | W32: 64 | X32: 58 | Y32: NO | Z32: NO | AA32: NO | AB32: NO | AC32: 42569 | AD32: 0
A33: 31 | B33: B&P-040-1307-K-TN-C3-HLBR | C33: 21 | D33: 0 | E33: -120 | F33: 80 | G33: 0 | H33: -13 | I33: 21 | J33: 0 | K33: -120 | L33: 35 | M33: 25 | N33: 0 | O33: C3 | P33: 40 | Q33: 23 | R33: NO | S33: NO | T33: NO | U33: 65 | V33: 60 | W33: 65 | X33: 60 | Y33: NO | Z33: NO | AA33: NO | AB33: NO | AC33: 45141 | AD33: A
A34: 32 | B34: B&P-040-1309-TN-C3-HLBR | C34: 25 | D34: 0 | E34: -120 | F34: 100 | G34: 0 | H34: -15 | I34: 25 | J34: 0 | K34: -120 | L34: 45 | M34: 0 | N34: -12 | O34: Radial (C3) | P34: 25 | Q34: 44 | R34: NO | S34: NO | T34: NO | U34: 64 | V34: 58 | W34: 64 | X34: 58 | Y34: NO | Z34: NO | AA34: NO | AB34: NO | AC34: 45093 | AD34: A
A35: 33 | B35: 1310-TN-C3 | C35: 27 | D35: 0 | E35: -120 | F35: 110 | G35: 0 | H35: -15 | I35: 27 | J35: 0 | K35: -120 | L35: 50 | M35: 0 | N35: -12 | O35: C3 | P35: 25 | Q35: 44 | R35: NO | S35: NO | T35: NO | U35: 64 | V35: 58 | W35: 64 | X35: 58 | Y35: NO | Z35: NO | AA35: ………….. | AB35: ………….. | AC35: …………… | AD35: ………
A36: 34 | B36: 1604-ZZ | C36: 7.143 | D36: 0 | E36: -127 | F36: 22.225 | G36: 0 | H36: -12 | I36: 7.143 | J36: 0 | K36: -127 | L36: 9.525 | M36: 0 | N36: -12 | O36: C0 | P36: 2 | Q36: 13 | U36: 64HRc | V36: 58HRc | W36: 64HRc | X36: 58HRc | AA36: ………….. | AB36: ………….. | AC36: …………… | AD36: ………
A37: 35 | B37: 1607-ZZ | C37: 7.936 | D37: 0 | E37: -127 | F37: 23.018 | G37: 0 | H37: -12 | I37: 7.936 | J37: 0 | K37: -127 | L37: 11.113 | M37: 0 | N37: -20 | O37: C0 | P37: 3 | Q37: 18 | U37: 64HRc | V37: 58HRc | W37: 64HRc | X37: 58HRc | AA37: ………….. | AB37: ………….. | AC37: …………… | AD37: ………
A38: 36 | B38: 1621-RS (HLBR) | C38: 11.112 | D38: 0 | E38: -120 | F38: 34.925 | G38: 0 | H38: -11 | I38: 11.112 | J38: 0 | K38: -120 | L38: 12.7 | M38: 0 | N38: -8 | O38: C0 | P38: 18 | Q38: 3 | R38: NO | S38: NO | T38: NO | U38: 64 | V38: 58 | W38: 64 | X38: 58 | Y38: NO | Z38: Great Wall | AA38: standard | AB38: standard | AC38: 43088 | AD38: 0
A39: 37 | B39: 1635-2RLD | C39: 12.71 | D39: 0 | E39: -120 | F39: 44.45 | G39: 0 | H39: -11 | I39: 12.71 | J39: 0 | K39: -120 | L39: 19.05 | M39: 0 | N39: -10 | R39: C0 | S39: 5 | T39: 20 | U39: 58 HRC | V39: 64 HRC | W39: 58 HRC | X39: 64 HRC | Y39: 25%- 35% | Z39: chang chan#2 | AA39: ………….. | AB39: ………….. | AC39: …………… | AD39: ………
A40: 38 | B40: 2205-TN-C3 | C40: 18 | D40: 0 | E40: -120 | F40: 52 | G40: 0 | H40: -13 | I40: 18 | J40: 0 | K40: -120 | L40: 25 | M40: 0 | N40: -10 | O40: C3 | P40: 35 | Q40: 19 | R40: NO | S40: NO | T40: NO | U40: 64 | V40: 58 | W40: 64 | X40: 58 | Y40: NO | Z40: NO | AA40: NO | AB40: NO | AC40: 42569 | AD40: 0
A41: 39 | B41: 2206-TN-C3 | C41: 20 | D41: 0 | E41: -120 | F41: 62 | G41: 0 | H41: -13 | I41: 20 | J41: 0 | K41: -120 | L41: 30 | M41: 0 | N41: -10 | O41: C3 | P41: 19 | Q41: 35 | R41: NO | S41: NO | T41: NO | U41: 64 | V41: 58 | W41: 64 | X41: 58 | Y41: NO | Z41: NO | AA41: ………….. | AB41: ………….. | AC41: 42569 | AD41: 0
A42: 40 | B42: 2207-C3 | C42: 23 | D42: 0 | E42: -120 | F42: 72 | G42: 0 | H42: -13 | I42: 23 | J42: 0 | K42: -120 | L42: 35 | M42: 0 | N42: -12 | O42: C3 | P42: 40 | Q42: 23 | R42: NO | S42: NO | T42: NO | U42: 64 | V42: 58 | W42: 64 | X42: 58 | Y42: NO | Z42: NO | AA42: ………….. | AB42: ………….. | AC42: …………… | AD42: ………
A43: 41 | B43: 2209-KTN-C3 | C43: 23 | D43: 0 | E43: -120 | F43: 85 | G43: 0 | H43: -15 | I43: 23 | J43: 0 | K43: -120 | L43: 45 | M43: 0 | N43: -12 | O43: Radial (C3) | P43: 52 | Q43: 33 | R43: NO | S43: NO | T43: NO | U43: 64 | V43: 58 | W43: 64 | X43: 58 | Y43: NO | Z43: NO | AA43: NO | AB43: NO | AC43: 42569 | AD43: 0
A44: 42 | B44: B&P-040-2209-TN-C3-HLBR | C44: 23 | D44: 0 | E44: -120 | F44: 85 | G44: 0 | H44: -15 | I44: 23 | J44: 0 | K44: -120 | L44: 45 | M44: 0 | N44: -12 | O44: Radial (C3) | P44: 44 | Q44: 25 | R44: NO | S44: NO | T44: NO | U44: 64 | V44: 58 | W44: 64 | X44: 58 | Y44: NO | Z44: NO | AA44: NO | AB44: NO | AC44: 45348 | AD44: A
A45: 43 | B45: 5203-2RS | C45: 17.463 | D45: 0 | E45: -120 | F45: 40 | G45: 0 | H45: -11 | I45: 17.463 | J45: 0 | K45: -120 | L45: 17 | M45: 0 | N45: -8 | O45: NO | P45: NO | Q45: NO | R45: C3 | S45: 13 | T45: 31 | U45: 58 | V45: 64 | W45: 58 | X45: 64 | Y45: 25 - 35% | Z45: Polyrex | AA45: ………….. | AB45: ………….. | AC45: …………… | AD45: ………
A46: 44 | B46: 5206KYY3 | C46: 37 | D46: 0 | E46: -120 | F46: 62 | G46: 0 | H46: -11 | I46: 50 | J46: 0 | K46: -120 | L46: 30.15 | M46: 300 | N46: 0 | O46: NO | P46: NO | Q46: NO | R46: C3 | S46: 37 | T46: 18 | U46: 64 | V46: 58 | W46: 64 | X46: 58 | Y46: 13-15 | Z46: Polyrex | AA46: 25cNm / 0,25Nm | AB46: 16cNm / 0,16Nm | AC46: 42031 | AD46: 0
A47: 45 | B47: 5207-2RS | C47: 26.988 | D47: 0 | E47: -120 | F47: 72 | G47: 0 | H47: -11 | I47: 26.988 | J47: 0 | K47: -120 | L47: 35 | M47: 0 | N47: -12 | O47: NO | P47: NO | Q47: NO | R47: NO | S47: NO | T47: NO | U47: NO | V47: NO | W47: NO | X47: NO | AA47: ………….. | AB47: ………….. | AC47: …………… | AD47: ………
A48: 46 | B48: 5210-2RS-C3 | C48: 30.163 | D48: 0 | E48: -120 | F48: 90 | G48: 0 | H48: -15 | I48: 30.163 | J48: 0 | K48: -120 | L48: 50 | M48: 0 | N48: -12 | O48: Axial (C3) | P48: 23 | Q48: 44 | R48: NO | S48: NO | T48: NO | U48: 58 | V48: 64 | W48: 58 | X48: 64 | Y48: 25%- 35% | Z48: Polyrex | AA48: 12cNm / 1,2Nm | AB48: 7,2cNm / 0,72Nm | AC48: 39627 | AD48: 0
A49: 47 | B49: 5210-2RST-C3 | C49: 30.163 | D49: 0 | E49: -120 | F49: 90 | G49: 0 | H49: -15 | I49: 30.163 | J49: 0 | K49: -120 | L49: 50 | M49: 0 | N49: -12 | O49: Axial (C3) | P49: 23 | Q49: 44 | U49: 58 HRC | V49: 65 HRC | W49: 58 HRC | X49: 65 HRC | AA49: ………….. | AB49: ………….. | AC49: …………… | AD49: ………
A50: 48 | B50: 5211-2RST | C50: 33.338 | D50: 0 | E50: -120 | F50: 100 | G50: 0 | H50: -15 | I50: 33.338 | J50: 0 | K50: -120 | L50: 55 | M50: 0 | N50: -15 | R50: C3 | S50: 26 | T50: 48 | U50: 58 HRC | V50: 62 HRC | W50: 58 HRC | X50: 62 HRC | AA50: ………….. | AB50: ………….. | AC50: …………… | AD50: ………
A51: 49 | B51: 5212-2RS | C51: 36.513 | D51: 0 | E51: -120 | F51: 110 | G51: 0 | H51: -15 | I51: 36.513 | J51: 0 | K51: -120 | L51: 60 | M51: 0 | N51: -12 | AA51: ………….. | AB51: ………….. | AC51: …………… | AD51: ………
A52: 50 | B52: 6000-2RLD | C52: 8 | D52: 0 | E52: -120 | F52: 26 | G52: 0 | H52: -9 | I52: 8 | J52: 0 | K52: -120 | L52: 10 | M52: 0 | N52: -8 | O52: C3 | P52: 8 | Q52: 23 | R52: NO | S52: NO | T52: NO | U52: 64 | V52: 58 | W52: 64 | X52: 58 | Y52: 0,22-0,3 | Z52: Polyrex | AA52: ………….. | AB52: ………….. | AC52: …………… | AD52: ………
A53: 51 | B53: 6000-2RS | C53: 8 | D53: 0 | E53: -120 | F53: 26 | G53: 0 | H53: -9 | I53: 8 | J53: 0 | K53: -120 | L53: 10 | M53: 0 | N53: -8 | O53: C3 | P53: 8 | Q53: 23 | R53: NO | S53: NO | T53: NO | U53: 64 | V53: 58 | W53: 64 | X53: 58 | Y53: 0,22-0,3 | Z53: Polyrex | AA53: 0,9cNm / 0,009Nm | AB53: 0,4cNm / 0,004Nm | AC53: …………… | AD53: ………
A54: 52 | B54: 6001-2RLD | C54: 8 | D54: 0 | E54: -120 | F54: 28 | G54: 0 | H54: -9 | I54: 8 | J54: 0 | K54: -120 | L54: 12 | M54: 0 | N54: -8 | P54: 3 | Q54: 18 | U54: 58 HRC | V54: 65 HRC | W54: 58 HRC | X54: 65 HRC | AA54: ………….. | AB54: ………….. | AC54: …………… | AD54: ………
A55: 53 | B55: 6003-2RLD | C55: 10 | D55: -5 | E55: -100 | F55: 35 | G55: -5 | H55: -10 | I55: 10 | J55: -5 | K55: -100 | L55: 17 | M55: 0 | N55: -8 | AA55: ………….. | AB55: ………….. | AC55: …………… | AD55: ………
A56: 54 | B56: 6003-2RST | C56: 10 | D56: 0 | E56: -120 | F56: 35 | G56: 0 | H56: -11 | I56: 10 | J56: 0 | K56: -120 | L56: 17 | M56: 0 | N56: -8 | O56: C3 | P56: 11 | Q56: 25 | U56: 58HRc | V56: 62HRc | W56: 58HRc | X56: 62HRc | AA56: ………….. | AB56: ………….. | AC56: …………… | AD56: ………
A57: 55 | B57: 6004 -2RLD-C3 | C57: 12 | D57: 0 | E57: -120 | F57: 42 | G57: 0 | H57: -11 | I57: 12 | J57: 0 | K57: -120 | L57: 20 | M57: 0 | N57: -10 | P57: 13 | Q57: 28 | U57: 58 HRC | V57: 65 HRC | W57: 58 HRC | X57: 65 HRC | AA57: ………….. | AB57: ………….. | AC57: …………… | AD57: ………
A58: 56 | B58: 6004 -2RST | C58: 12 | D58: 0 | E58: -120 | F58: 42 | G58: 0 | H58: -11 | I58: 12 | J58: 0 | K58: -120 | L58: 20 | M58: 0 | N58: -10 | P58: 13 | Q58: 28 | U58: 58 HRC | V58: 65 HRC | W58: 58 HRC | X58: 65 HRC | AA58: ………….. | AB58: ………….. | AC58: …………… | AD58: ………
A59: 57 | B59: 6005-C3-DEV | C59: 12 | D59: 0 | E59: -120 | F59: 47 | G59: 0 | H59: -11 | I59: 12 | J59: 0 | K59: -120 | L59: 25 | M59: 0 | N59: -10 | O59: NO | P59: NO | Q59: NO | R59: C3 | S59: 95 | T59: 205 | U59: 64 | V59: 58 | W59: 64 | X59: 58 | Y59: 1gr | Z59: Polyrex | AA59: ………….. | AB59: ………….. | AC59: …………… | AD59: ………
A60: 58 | B60: 6006-2RSRC3 | C60: 13 | D60: 0 | E60: -120 | F60: 55 | G60: 0 | H60: -13 | I60: 13 | J60: 0 | K60: -120 | L60: 30 | M60: 0 | N60: -10 | O60: C3 | P60: 13 | Q60: 28 | AA60: ………….. | AB60: ………….. | AC60: …………… | AD60: ………
A61: 59 | B61: 6006-2RSTM | C61: 13 | D61: 0 | E61: -120 | F61: 55 | G61: 0 | H61: -13 | I61: 13 | J61: 0 | K61: -120 | L61: 30 | M61: 0 | N61: -10 | O61: C3 | P61: 13 | Q61: 28 | AA61: ………….. | AB61: ………….. | AC61: …………… | AD61: ………
A62: 60 | B62: 6007-2RST | C62: 14 | D62: 0 | E62: -120 | F62: 62 | G62: 0 | H62: -13 | I62: 14 | J62: 0 | K62: -120 | L62: 35 | M62: 0 | N62: -12 | O62: C3 | P62: 15 | Q62: 33 | AA62: ………….. | AB62: ………….. | AC62: …………… | AD62: ………
A63: 61 | B63: 6008-2RST | C63: 15 | D63: 0 | E63: -120 | F63: 68 | G63: 0 | H63: -13 | I63: 15 | J63: 0 | K63: -120 | L63: 40 | M63: 0 | N63: -12 | O63: C3 | P63: 15 | Q63: 33 | AA63: ………….. | AB63: ………….. | AC63: …………… | AD63: ………
A64: 62 | B64: 6009-D | C64: 16 | D64: 0 | E64: -120 | F64: 75 | G64: 0 | H64: -13 | I64: 16 | J64: 0 | K64: -120 | L64: 45 | M64: 0 | N64: -12 | O64: C3 | P64: 36 | Q64: 18 | R64: NO | S64: NO | T64: NO | U64: 64 | V64: 58 | W64: 64 | X64: 58 | Y64: NO | Z64: NO | AA64: ……………. | AB64: ……………. | AC64: …………… | AD64: ………
A65: 63 | B65: 6010-2RST-C3 | C65: 16 | D65: 0 | E65: -120 | F65: 80 | G65: 0 | H65: -13 | I65: 16 | J65: 0 | K65: -120 | L65: 50 | M65: 0 | N65: -12 | O65: C0 | P65: 6 | Q65: 23 | AA65: ………….. | AB65: ………….. | AC65: …………… | AD65: ………
A66: 64 | B66: 6011-2RS | C66: 18 | D66: 0 | E66: -150 | F66: 90 | G66: 0 | H66: -15 | I66: 18 | J66: 0 | K66: -150 | L66: 55 | M66: 0 | N66: -15 | O66: C0 | P66: 8 | Q66: 28 | U66: 58 HRC | V66: 65 HRC | W66: 58 HRC | X66: 65 HRC | AA66: ………….. | AB66: ………….. | AC66: …………… | AD66: ………
A67: 65 | B67: 6013-2RS | C67: 18 | D67: 0 | E67: -150 | F67: 100 | G67: 0 | H67: -15 | I67: 18 | J67: 0 | K67: -150 | L67: 65 | M67: 0 | N67: -15 | O67: C0 | P67: 8 | Q67: 28 | U67: 58 HRC | V67: 65 HRC | W67: 58 HRC | X67: 65 HRC | AA67: ………….. | AB67: ………….. | AC67: …………… | AD67: ………
A68: 66 | B68: 6013-2RS | C68: 18 | D68: 0 | E68: -150 | F68: 100 | G68: 0 | H68: -15 | I68: 18 | J68: 0 | K68: -150 | L68: 65 | M68: 0 | N68: -15 | O68: C3 | P68: 23 | Q68: 43 | U68: 58 HRC | V68: 65 HRC | W68: 58 HRC | X68: 65 HRC | AA68: ………….. | AB68: ………….. | AC68: …………… | AD68: ………
A69: 67 | B69: 6014-2RS | C69: 20 | D69: 0 | E69: -150 | F69: 110 | G69: 0 | H69: -15 | I69: 20 | J69: 0 | K69: -150 | L69: 70 | M69: 0 | N69: -15 | AA69: ………….. | AB69: ………….. | AC69: …………… | AD69: ………
A70: 68 | B70: 6015-2RS | C70: 20 | D70: 0 | E70: -150 | F70: 115 | G70: 0 | H70: -15 | I70: 20 | J70: 0 | K70: -150 | L70: 75 | M70: 0 | N70: -15 | O70: C0 | P70: 10 | Q70: 30 | U70: 58 HRC | V70: 65 HRC | W70: 58 HRC | X70: 65 HRC | AA70: ………….. | AB70: ………….. | AC70: …………… | AD70: ………
A71: 69 | B71: 6016-2RS | C71: 22 | D71: 0 | E71: -150 | F71: 125 | G71: 0 | H71: -18 | I71: 22 | J71: 0 | K71: -150 | L71: 80 | M71: 0 | N71: -15 | O71: C3 | P71: 25 | Q71: 51 | AA71: ………….. | AB71: ………….. | AC71: …………… | AD71: ………
A72: 70 | B72: 6018-2RS | C72: 24 | D72: 0 | E72: -200 | F72: 140 | G72: 0 | H72: -18 | I72: 24 | J72: 0 | K72: -200 | L72: 90 | M72: 0 | N72: -20 | O72: C0 | P72: 12 | Q72: 36 | U72: 58 HRC | V72: 65 HRC | W72: 58 HRC | X72: 65 HRC | AA72: ………….. | AB72: ………….. | AC72: …………… | AD72: ………
A73: 71 | B73: 6019-2RS | C73: 24 | D73: 0 | E73: -200 | F73: 145 | G73: 0 | H73: -18 | I73: 24 | J73: 0 | K73: -200 | L73: 95 | M73: 0 | N73: -20 | O73: C0 | P73: 12 | Q73: 36 | U73: 58 HRC | V73: 65 HRC | W73: 58 HRC | X73: 65 HRC | AA73: ………….. | AB73: ………….. | AC73: …………… | AD73: ………
A74: 72 | B74: 6020-2RS | C74: 24 | D74: 0 | E74: -200 | F74: 150 | G74: 0 | H74: -18 | I74: 24 | J74: 0 | K74: -200 | L74: 100 | M74: 0 | N74: -20 | O74: C0 | P74: 12 | Q74: 36 | U74: 58 HRC | V74: 65 HRC | W74: 58 HRC | X74: 65 HRC | AA74: ………….. | AB74: ………….. | AC74: …………… | AD74: ………
A75: 73 | B75: 6026-2RS | C75: 33 | D75: 0 | E75: -250 | F75: 200 | G75: 0 | H75: -30 | I75: 33 | J75: 0 | K75: -250 | L75: 130 | M75: 0 | N75: -25 | O75: C0 | P75: 15 | Q75: 41 | AA75: ………….. | AB75: ………….. | AC75: …………… | AD75: ………
A76: 74 | B76: 6026-2RS | C76: 33 | D76: 0 | E76: -250 | F76: 200 | G76: 0 | H76: -30 | I76: 33 | J76: 0 | K76: -250 | L76: 130 | M76: 0 | N76: -25 | O76: C3 | P76: 41 | Q76: 81 | R76: NO | S76: NO | T76: NO | U76: 58 | V76: 62 | W76: 58 | X76: 62 | Y76: 25 - 35% | Z76: Polyrex | AA76: ………….. | AB76: ………….. | AC76: …………… | AD76: ………
A77: 75 | B77: 607-RS | C77: 6 | D77: 0 | E77: -120 | F77: 19 | G77: 0 | H77: -9 | I77: 6 | J77: 0 | K77: -120 | L77: 7 | M77: 0 | N77: -8 | O77: C3 | P77: 23 | Q77: 8 | R77: NO | S77: NO | T77: NO | U77: 64 | V77: 58 | W77: 64 | X77: 58 | Y77: 25 - 35 % | Z77: Polyrex | AA77: standard | AB77: standard | AC77: 43076 | AD77: 0
A78: 76 | B78: 607-ZZ | C78: 6 | D78: 0 | E78: -120 | F78: 19 | G78: 0 | H78: -9 | I78: 6 | J78: 0 | K78: -120 | L78: 7 | M78: 0 | N78: -8 | O78: C0 | P78: 2 | Q78: 13 | AA78: ………….. | AB78: ………….. | AC78: …………… | AD78: ………
A79: 77 | B79: 608-2RLD-C3 | C79: 7 | D79: 0 | E79: -120 | F79: 22 | G79: 0 | H79: -9 | I79: 7 | J79: 0 | K79: -120 | L79: 8 | M79: 0 | N79: -8 | O79: C3 | P79: 12 | Q79: 28 | AA79: ………….. | AB79: ………….. | AC79: …………… | AD79: ………
A80: 78 | B80: 608-2RS | C80: 7 | D80: 0 | E80: -120 | F80: 22 | G80: 0 | H80: -9 | I80: 7 | J80: 0 | K80: -120 | L80: 8 | M80: 0 | N80: -8 | O80: C3 | P80: 23 | Q80: 8 | R80: NO | S80: NO | T80: NO | U80: 64 | V80: 58 | W80: 64 | X80: 58 | Y80: 25 - 35 % | Z80: Polyrex | AA80: NO | AB80: NO | AC80: 43076 | AD80: 0
A81: 79 | B81: 608-ZZ | C81: 7 | D81: 0 | E81: -120 | F81: 22 | G81: 0 | H81: -9 | I81: 7 | J81: 0 | K81: -120 | L81: 8 | M81: 0 | N81: -8 | O81: C3 | P81: 23 | Q81: 8 | R81: NO | S81: NO | T81: NO | U81: 64 | V81: 58 | W81: 64 | X81: 58 | Y81: 25 - 35 % | Z81: Polyrex | AA81: NO | AB81: NO | AC81: 43076 | AD81: 0
A82: 80 | B82: 609-2RLD | C82: 7 | D82: 0 | E82: -120 | F82: 24 | G82: 0 | H82: -9 | I82: 7 | J82: 0 | K82: -120 | L82: 9 | M82: 0 | N82: -8 | O82: C3 | P82: 23 | Q82: 8 | R82: NO | S82: NO | T82: NO | U82: 64 | V82: 58 | W82: 64 | X82: 58 | Y82: 25 - 35 % | Z82: Polyrex | AA82: 0.003 | AB82: 0.004 | AC82: 43076 | AD82: 0
A83: 81 | B83: 609-ZZ | C83: 7 | D83: 0 | E83: -120 | F83: 24 | G83: 0 | H83: -9 | I83: 7 | J83: 0 | K83: -120 | L83: 9 | M83: 0 | N83: -8 | O83: C3 | P83: 23 | Q83: 8 | R83: NO | S83: NO | T83: NO | U83: 64 | V83: 58 | W83: 64 | X83: 58 | Y83: 25 - 35 % | Z83: Polyrex | AA83: NO | AB83: NO | AC83: 43076 | AD83: 0
A84: 82 | B84: 6200-RLD-C3 | C84: 9 | D84: 0 | E84: -120 | F84: 30 | G84: 0 | H84: -9 | I84: 9 | J84: 0 | K84: -120 | L84: 10 | M84: 0 | N84: -8 | O84: C3 | P84: 9 | Q84: 22 | AA84: ………….. | AB84: ………….. | AC84: …………… | AD84: ………
A85: 83 | B85: 6201-2RST | C85: 10 | D85: 0 | E85: -120 | F85: 32 | G85: 0 | H85: -11 | I85: 10 | J85: 0 | K85: -120 | L85: 12 | M85: 0 | N85: -8 | O85: C3 | P85: 11 | Q85: 25 | U85: 58 HRC | V85: 65 HRC | W85: 58 HRC | X85: 65 HRC | AA85: ………….. | AB85: ………….. | AC85: …………… | AD85: ………
A86: 84 | B86: 6202-2RST | C86: 11 | D86: 0 | E86: -120 | F86: 35 | G86: 0 | H86: -11 | I86: 11 | J86: 0 | K86: -120 | L86: 15 | M86: 0 | N86: -8 | O86: C3 | P86: 11 | Q86: 25 | U86: 58 HRC | V86: 65 HRC | W86: 58 HRC | X86: 65 HRC | AA86: ………….. | AB86: ………….. | AC86: …………… | AD86: ………
A87: 85 | B87: 6203-2RLD | C87: 12 | D87: 0 | E87: -120 | F87: 40 | G87: 0 | H87: -11 | I87: 12 | J87: 0 | K87: -120 | L87: 17 | M87: 0 | N87: -10 | O87: C3 | P87: 11 | Q87: 25 | AA87: ………….. | AB87: ………….. | AC87: …………… | AD87: ………
A88: 86 | B88: 6203-2RST | C88: 12 | D88: 0 | E88: -120 | F88: 40 | G88: 0 | H88: -11 | I88: 12 | J88: 0 | K88: -120 | L88: 17 | M88: 0 | N88: -10 | O88: C3 | P88: 11 | Q88: 25 | AA88: ………….. | AB88: ………….. | AC88: …………… | AD88: ………
A89: 87 | B89: 6204-2RST | C89: 14 | D89: 0 | E89: -120 | F89: 47 | G89: 0 | H89: -11 | I89: 14 | J89: 0 | K89: -120 | L89: 20 | M89: 0 | N89: -10 | O89: C3 | P89: 13 | Q89: 28 | U89: 58 HRC | V89: 65 HRC | W89: 58 HRC | X89: 65 HRC | AA89: ………….. | AB89: ………….. | AC89: …………… | AD89: ………
A90: 88 | B90: 6204-RLD | C90: 14 | D90: 0 | E90: -120 | F90: 47 | G90: 0 | H90: -11 | I90: 14 | J90: 0 | K90: -120 | L90: 20 | M90: 0 | N90: -10 | O90: C3 | P90: 13 | Q90: 28 | U90: 58 HRC | V90: 65 HRC | W90: 58 HRC | X90: 65 HRC | AA90: ………….. | AB90: ………….. | AC90: …………… | AD90: ………
A91: 89 | B91: 6205-2RST | C91: 15 | D91: 0 | E91: -120 | F91: 52 | G91: 0 | H91: -13 | I91: 15 | J91: 0 | K91: -120 | L91: 25 | M91: 0 | N91: -10 | O91: C3 | P91: 13 | Q91: 28 | U91: 58 HRC | V91: 65 HRC | W91: 58 HRC | X91: 65 HRC | AA91: ………….. | AB91: ………….. | AC91: …………… | AD91: ………
A92: 90 | B92: 6206-2RLD | C92: 16 | D92: 0 | E92: -120 | F92: 62 | G92: 0 | H92: -13 | I92: 16 | J92: 0 | K92: -120 | L92: 30 | M92: 0 | N92: -10 | O92: C3 | P92: 13 | Q92: 28 | AA92: ………….. | AB92: ………….. | AC92: …………… | AD92: ………
A93: 91 | B93: 6206-2RST | C93: 16 | D93: 0 | E93: -120 | F93: 62 | G93: 0 | H93: -13 | I93: 16 | J93: 0 | K93: -120 | L93: 30 | M93: 0 | N93: -10 | O93: C3 | P93: 13 | Q93: 28 | AA93: ………….. | AB93: ………….. | AC93: …………… | AD93: ………
A94: 92 | B94: 6207-2RST | C94: 17 | D94: 0 | E94: -120 | F94: 72 | G94: 0 | H94: -13 | I94: 17 | J94: 0 | K94: -120 | L94: 35 | M94: 0 | N94: -12 | O94: C3 | P94: 15 | Q94: 33 | U94: 58 HRC | V94: 65 HRC | W94: 58 HRC | X94: 65 HRC | AA94: ………….. | AB94: ………….. | AC94: …………… | AD94: ………
A95: 93 | B95: 6207-2RST | C95: 17 | D95: 0 | E95: -120 | F95: 72 | G95: 0 | H95: -13 | I95: 17 | J95: 0 | K95: -120 | L95: 35 | M95: 0 | N95: -12 | O95: C3 | P95: 15 | Q95: 33 | R95: NO | S95: NO | T95: NO | U95: 58 | V95: 62 | W95: 58 | X95: 62 | Y95: 75±5 | Z95: Polyrex | AA95: ………….. | AB95: ………….. | AC95: …………… | AD95: ………
A96: 94 | B96: 6208-2RST | C96: 18 | D96: 5 | E96: -100 | F96: 80 | G96: 5 | H96: -12 | I96: 18 | J96: 5 | K96: -100 | L96: 40 | M96: 0 | N96: -12 | O96: C3 | P96: 15 | Q96: 33 | U96: 58 HRC | V96: 65 HRC | W96: 58 HRC | X96: 65 HRC | AA96: ………….. | AB96: ………….. | AC96: …………… | AD96: ………
A97: 95 | B97: 6208-D | C97: 18 | D97: 0 | E97: -120 | F97: 80 | G97: 0 | H97: -13 | I97: 18 | J97: 0 | K97: -120 | L97: 40 | M97: 0 | N97: -12 | O97: C3 | P97: 33 | Q97: 15 | R97: NO | S97: NO | T97: NO | U97: 64 | V97: 58 | W97: 64 | X97: 58 | Y97: NO | Z97: NO | AA97: NO | AB97: NO | AC97: SD | AD97: SD
A98: 96 | B98: 6208-RS | C98: 18 | D98: 0 | E98: -120 | F98: 80 | G98: 0 | H98: -13 | I98: 18 | J98: 0 | K98: -120 | L98: 40 | M98: 0 | N98: -12 | O98: C3 | P98: 15 | Q98: 33 | R98: NO | S98: NO | T98: NO | U98: 64 | V98: 58 | W98: 64 | X98: 58 | Y98: 25 - 35% | Z98: Polyrex | AA98: ………….. | AB98: ………….. | AC98: 39632 | AD98: 0
A99: 97 | B99: 6209-2RS | C99: 19 | D99: 0 | E99: -120 | F99: 85 | G99: 0 | H99: -15 | I99: 19 | J99: 0 | K99: -120 | L99: 45 | M99: 0 | N99: -12 | O99: C3 | P99: 18 | Q99: 36 | R99: NO | S99: NO | T99: NO | U99: 64 | V99: 58 | W99: 64 | X99: 58 | Y99: 4,64 - 6,5 | Z99: Polyrex | AA99: ………….. | AB99: ………….. | AC99: …………… | AD99: ………
A100: 98 | B100: 6209-2RSTK-C3 | C100: 19 | D100: -5 | E100: -100 | F100: 85 | G100: -5 | H100: -12 | I100: 19 | J100: -5 | K100: -100 | L100: 45 | M100: 25 | N100: 0 | O100: C3 | P100: 18 | Q100: 36 | R100: NO | S100: NO | T100: NO | U100: NO | V100: NO | W100: NO | X100: NO | Y100: 75±5 | Z100: Polyrex | AA100: ………….. | AB100: ………….. | AC100: …………… | AD100: ………
...
